{
    "retrieval": {
        "Precision@k": 0.4903100775193799,
        "Recall@k": 0.8934108527131782,
        "MRR": 0.8643410852713178,
        "NDCG": 0.8925800733346093
    },
    "generation": {
        "Exact Match": 0.0,
        "ROUGE-L": 0.3968720954111024,
        "BLEU": 0.1652651843889608,
        "BERTScore": 0.8938975472782933
    }
}